{
    "$schema": "https://schema.management.azure.com/schemas/0.1.2-preview/CreateUIDefinition.MultiVm.json#",
    "handler": "Microsoft.Azure.CreateUIDef",
    "version": "0.1.2-preview",
    "resourceTypes": [
        "Microsoft.Web/connections",
        "Microsoft.Logic/workflows",
        "Microsoft.CustomProviders/resourceProviders"
    ],
    "parameters": {
        "basics": [],
        "steps": [
            {
                "name": "serviceNow",
                "label": "Service Now configuration",
                "subLabel": {
                    "preValidation": "Configure Service Now",
                    "postValidation": "Done"
                },
                "bladeTitle": "Service Now configuration",
                "elements": [
                    {
                        "name": "infoMessage",
                        "type": "Microsoft.Common.InfoBox",
                        "visible": true,
                        "options": {
                            "icon": "Info",
                            "text": "Configure Service Now instance connection."
                        }
                    },
                    {
                        "name": "serviceNowInstance",
                        "type": "Microsoft.Common.TextBox",
                        "label": "Service Now instance name",
                        "defaultValue": "",
                        "constraints": {
                            "required": true
                        }
                    },
                    {
                        "name": "serviceNowUserName",
                        "type": "Microsoft.Common.TextBox",
                        "label": "Service Now user name",
                        "defaultValue": "",
                        "constraints": {
                            "required": true
                        }
                    },
                    {
                        "name": "serviceNowPassword",
                        "type": "Microsoft.Common.PasswordBox",
                        "label": {
                            "password": "Service Now password"
                        },
                        "toolTip": "",
                        "constraints": {
                            "required": true,
                            "regex": "",
                            "validationMessage": ""
                        },
                        "options": {
                            "hideConfirmation": true
                        },
                        "visible": true
                    }
                ]
            }
        ],
        "outputs": {
            "serviceNowInstance": "[steps('serviceNow').serviceNowInstance]",
            "serviceNowUserName": "[steps('serviceNow').serviceNowUserName]",
            "serviceNowPassword": "[steps('serviceNow').serviceNowPassword]",
            "location": "[location()]",
            "managedIdentity": {
                "type": "systemAssigned"
            }
        }
    }
}