{    "$schema": "https://schema.management.azure.com/schemas/viewdefinition/0.0.1-preview/ViewDefinition.json#",
        "views": [
        {
            "kind": "Overview",
            "properties": {
                "header": "Welcome to the ticket creation sample Azure Managed Application.",
                "description": "This managed application supports creating service now tickets."
            }
        },
        {
            "kind": "CustomResources",
            "properties": {
                "displayName": "Tickets",
                "version": "1.0.0",
                "resourceType": "tickets",
                "createUIDefinition": null,
                "columns": [
                    {
                        "key": "properties.displayName",
                        "displayName": "Name"
                    },
                    {
                        "key": "properties.category",
                        "displayName": "Category"
                    },
                    {
                        "key": "properties.description",
                        "displayName": "Description",
                        "optional": true
                    }
                ]
            }
        },
        {
            "kind": "Associations",
            "properties": 
            {
                "description": "Create service request tickets!",
                "displayName": "Service Request Tickets",
                "targetResourceType": "Microsoft.Storage/storageAccounts",
                "columns": [
                    {
                        "key": "properties.ticketType",
                        "displayName": "Ticket Type"
                    },
                    {
                        "key": "properties.resourceType",
                        "displayName": "Resource Type"
                    },
                    {
                        "key": "properties.serviceNowSystemId",
                        "displayName": "System Id",
                        "optional": true
                    }
                ]
            }
        },
        {
            "kind": "CustomMarkdown",
            "properties": {
                "displayName": "About Service Now",
                "version": "1.0.0",
                "content": "# Service Now\nGo to Service Now [homepage](https://www.servicenow.com/) and read about **what's new** and **how to start**.\n## Useful links:\n * [Service Now documentation](https://docs.servicenow.com/)\n * [Service Now developers page](https://developer.servicenow.com/)\n"
            }
        }
    ]
}